{"ADA": 0.0, "AAVE": 0.0, "XTZ": 0.023, "XLM": 0.0, "AVAX": 0.0, "UNI": 6.02, "LINK": 0.0, "MATIC": 0.0, "SHIB": 0.0, "COMP": 0.0, "SOL": 0.0, "BCH": 0.0, "BSV": 0.0, "LTC": 0.05342043, "ETC": 0.0, "DOGE": 0.0, "BTC": 0.0, "ETH": 0.001068}