{"ADA": 0.11, "AAVE": 0.0, "XTZ": 0.388, "XLM": 0.0, "AVAX": 0.0, "UNI": 0.0, "LINK": 0.01, "MATIC": 0.0, "SHIB": 100747.0, "COMP": 0.0092, "SOL": 0.06341, "BCH": 0.02139668, "BSV": 0.0, "LTC": 0.184363, "ETC": 0.439277, "DOGE": 100.46, "BTC": 0.000627, "ETH": 0.002142}