{"ADA": 0.11, "AAVE": 0.0, "XTZ": 0.388, "XLM": 0.0, "AVAX": 0.0, "UNI": 0.0, "LINK": 0.01, "MATIC": 0.0, "SHIB": 100747.0, "COMP": 0.0092, "SOL": 0.46803, "BCH": 0.05946468, "BSV": 0.0, "LTC": 0.12040592, "ETC": 0.567177, "DOGE": 100.46, "BTC": 0.00052355, "ETH": 0.004571}