{"ADA": 0.11, "AAVE": 0.0, "XTZ": 0.388, "XLM": 0.0, "AVAX": 0.0, "UNI": 0.0, "LINK": 0.01, "MATIC": 0.0, "SHIB": 100747.0, "COMP": 0.0092, "SOL": 0.07892, "BCH": 0.01975668, "BSV": 0.0, "LTC": 0.181913, "ETC": 0.467777, "DOGE": 100.46, "BTC": 0.00062, "ETH": 0.002142}