{"ADA": 33.76, "AAVE": 0.0, "XTZ": 5.828, "XLM": 0.0, "AVAX": 0.0, "UNI": 0.05, "LINK": 0.01, "MATIC": 0.0, "SHIB": 100747.0, "COMP": 0.0015, "SOL": 0.44427, "BCH": 0.049402, "BSV": 0.0, "LTC": 0.1063, "ETC": 0.445977, "DOGE": 100.46, "BTC": 0.000406, "ETH": 0.00349}