{"ADA": 0.0, "AAVE": 0.0, "XTZ": 0.013, "XLM": 0.0, "AVAX": 0.0, "UNI": 0.05, "LINK": 0.01, "MATIC": 0.0, "SHIB": 100747.0, "COMP": 0.0015, "SOL": 0.0, "BCH": 0.0103, "BSV": 0.0, "LTC": 0.13988207, "ETC": 0.181777, "DOGE": 0.0, "BTC": 0.000959, "ETH": 0.00738}