{"ADA": 0.0, "AAVE": 0.0, "XTZ": 30.982, "XLM": 101.0, "AVAX": 0.0, "UNI": 5.56, "LINK": 0.0, "MATIC": 0.0, "SHIB": 0.0, "COMP": 0.0, "SOL": 0.0, "BCH": 0.00130016, "BSV": 0.0, "LTC": 0.00198261, "ETC": 0.004094, "DOGE": 0.0, "BTC": 7.21e-06, "ETH": 0.000154}