{"ADA": 0.0, "AAVE": 0.0, "XTZ": 0.013, "XLM": 0.0, "AVAX": 0.0, "UNI": 0.0, "LINK": 0.0, "MATIC": 0.0, "SHIB": 0.0, "COMP": 0.0, "SOL": 0.0, "BCH": 0.084382, "BSV": 0.0, "LTC": 0.1621, "ETC": 0.1557, "DOGE": 0.0, "BTC": 0.000868, "ETH": 0.007089}