{"ADA": 0.0, "AAVE": 0.0, "XTZ": 0.013, "XLM": 0.0, "AVAX": 0.0, "UNI": 1.02, "LINK": 0.0, "MATIC": 0.0, "SHIB": 0.0, "COMP": 0.0, "SOL": 0.0, "BCH": 0.089227, "BSV": 0.0, "LTC": 0.1575, "ETC": 0.0686, "DOGE": 0.0, "BTC": 0.000572, "ETH": 0.010207}