{"ADA": 7.68, "AAVE": 0.0, "XTZ": 3.108, "XLM": 0.0, "AVAX": 0.0, "UNI": 0.31, "LINK": 0.01, "MATIC": 0.0, "SHIB": 100747.0, "COMP": 0.0089, "SOL": 0.35573, "BCH": 0.19163568, "BSV": 0.0, "LTC": 0.0606, "ETC": 0.183877, "DOGE": 100.46, "BTC": 0.0, "ETH": 0.007349}